{"timestamps": [1507779165.681, 1507779168.852, 1507779216.478, 1507779221.525], "initial_reset_timestamp": 1507779160.989, "episode_types": ["t", "t", "t", "t", "t"], "episode_lengths": [15, 34, 97, 21], "episode_rewards": [-9.030199850480754, -7.096676450237377, -2.6355219050509087, -8.060399700961508]}