{"timestamps": [1508157249.809, 1508157284.867, 1508157319.994, 1508157354.43, 1508157389.772, 1508157425.272, 1508157460.813], "initial_reset_timestamp": 1508157210.578, "episode_types": ["t", "t", "t", "t", "t", "t", "t", "t"], "episode_lengths": [505, 505, 505, 505, 505, 505, 505], "episode_rewards": [35.85021720055824, 60.207109751824845, 69.55750242176825, 64.32636308356766, 77.22850985013983, 72.72586910084425, 78.07462024817335]}