{"timestamps": [1520740753.6, 1520740780.914, 1520740808.672, 1520740836.015, 1520740864.21, 1520740891.738, 1520740918.087, 1520740946.351, 1520740973.933, 1520741002.715, 1520741030.521, 1520741058.182, 1520741084.858, 1520741113.845, 1520741142.478, 1520741172.609, 1520741201.577, 1520741230.135, 1520741258.987, 1520741285.88, 1520741322.497], "initial_reset_timestamp": 1520740719.54, "episode_types": ["t", "t", "t", "t", "t", "t", "t", "t", "t", "t", "t", "t", "t", "t", "t", "t", "t", "t", "t", "t", "t", "t"], "episode_lengths": [202, 202, 202, 202, 202, 202, 202, 202, 202, 202, 202, 202, 202, 202, 202, 202, 202, 202, 202, 202, 202], "episode_rewards": [3.3999999999999972, 3.3600000000000003, 3.870000000000001, 3.579999999999997, 3.750000000000001, 3.6799999999999984, 3.249999999999999, 2.4400000000000004, 3.140000000000003, 3.5599999999999965, 3.6399999999999983, -0.8100000000000007, 3.740000000000001, 1.7600000000000011, 3.710000000000001, -1.2700000000000011, 3.5899999999999985, 3.5999999999999983, 3.539999999999998, 3.679999999999998, 2.240000000000012]}